{
    "extractive": {
        "rouge1": 0.27452198405330075,
        "rouge2": 0.08841761197751165,
        "rougeL": 0.18573441436198962,
        "bleu": 0.034196719891681035,
        "meteor": 0.20490518617739892,
        "bert_score_precision": 0.5101429224014282,
        "bert_score_recall": 0.5696196556091309,
        "bert_score_f1": 0.5368742346763611
    },
    "abstractive": {
        "rouge1": 0.3259877654511485,
        "rouge2": 0.13094575542060866,
        "rougeL": 0.23263502282257625,
        "bleu": 0.06601283488253454,
        "meteor": 0.2962358869560954,
        "bert_score_precision": 0.5635709166526794,
        "bert_score_recall": 0.6107545495033264,
        "bert_score_f1": 0.585096538066864
    },
    "num_test_samples": 100
}